date,emotion,thought
01/06/2025,Happy,Had a great walk in the park today
01/06/2025,Sad,Felt lonely in the evening
02/06/2025,Angry,Frustrated with the traffic jam
02/06/2025,Happy,Watched a really nice movie
03/06/2025,Happy,Enjoyed cooking new recipes
03/06/2025,Sad,Missed my old friends a lot
04/06/2025,Happy,Started reading a new book
05/06/2025,Angry,Arguments at work made me upset
06/06/2025,Happy,Felt productive and energized
06/06/2025,Happy,Completed my assignments on time
07/06/2025,Sad,Felt tired and unmotivated
08/06/2025,Happy,Spent quality time with family
09/06/2025,Angry,Lost patience while waiting in line
10/06/2025,Happy,Had fun playing games with friends
11/06/2025,Happy,Woke up early and felt fresh
11/06/2025,Sad,Disappointed by someone’s words
12/06/2025,Happy,Felt grateful for small things
13/06/2025,Angry,Got irritated by loud noises
14/06/2025,Happy,Had a relaxing day at home
15/06/2025,Sad,Felt anxious about future plans
16/06/2025,Happy,Helped someone and felt good
17/06/2025,Happy,Learned something new today
17/06/2025,Angry,Computer crashed while working
18/06/2025,Sad,Felt a little left out today
19/06/2025,Happy,Good news from a friend cheered me up
20/06/2025,Happy,Weather was beautiful
21/06/2025,Angry,Arguments with siblings
22/06/2025,Happy,Tried meditation and it felt peaceful
23/06/2025,Sad,Felt gloomy the whole day
24/06/2025,Happy,Started a new hobby today
25/06/2025,Happy,Felt energetic at the gym
26/06/2025,Angry,Had a fight with a colleague
27/06/2025,Happy,Cleaned my room and felt accomplished
28/06/2025,Sad,Felt nostalgic seeing old photos
29/06/2025,Happy,Had ice cream on a hot day
30/06/2025,Happy,Enjoyed a family dinner together
01/07/2025,Happy,Started the month with a smile
02/07/2025,Sad,Workload was overwhelming
03/07/2025,Happy,Music made my day brighter
04/07/2025,Happy,Met an old friend after years
05/07/2025,Angry,Service at the restaurant was poor
06/07/2025,Happy,Watched fireworks at night
07/07/2025,Sad,Felt homesick in the evening
08/07/2025,Happy,Had fun baking cookies
09/07/2025,Happy,Went for a refreshing swim
09/07/2025,Angry,Phone kept lagging all day
10/07/2025,Happy,Had a peaceful morning walk
11/07/2025,Sad,Felt lonely during lunch
12/07/2025,Happy,Completed a project successfully
13/07/2025,Happy,Felt motivated after journaling
14/07/2025,Angry,Lost my keys and panicked
15/07/2025,Happy,Sunset was beautiful
16/07/2025,Sad,Didn’t sleep well last night
17/07/2025,Happy,Watched a comedy show
18/07/2025,Happy,Day felt calm and balanced
19/07/2025,Angry,Slow internet ruined my work
20/07/2025,Happy,Had a great workout session
21/07/2025,Happy,Enjoyed painting in free time
22/07/2025,Sad,Felt a bit under the weather
23/07/2025,Happy,Good news from family
24/07/2025,Happy,Had a productive study session
25/07/2025,Angry,Felt annoyed by constant noise
26/07/2025,Happy,Shared laughter with friends
27/07/2025,Sad,Felt a bit stressed about exams
28/07/2025,Happy,Relaxed with a good movie
29/07/2025,Happy,Had delicious food today
30/07/2025,Happy,End of the month felt satisfying
31/07/2025,Angry,Got irritated by unexpected delays
01/08/2025,Happy,Started August feeling positive
02/08/2025,Sad,Felt low energy today
03/08/2025,Happy,Had fun exploring new music
04/08/2025,Happy,Spoke to a supportive friend
05/08/2025,Angry,Lost a document accidentally
06/08/2025,Happy,Enjoyed gardening in the morning
07/08/2025,Sad,Felt anxious about deadlines
08/08/2025,Happy,Learned a new recipe
09/08/2025,Happy,Weekend felt joyful
10/08/2025,Angry,Felt annoyed by traffic noise
11/08/2025,Happy,Had tea in the rain
12/08/2025,Sad,Felt left out in a group chat
13/08/2025,Happy,Enjoyed a calm evening walk
14/08/2025,Happy,Prepared well for exams
15/08/2025,Happy,Independence Day celebrations were nice
16/08/2025,Angry,Felt irritated waiting at the bank
17/08/2025,Happy,Family picnic was wonderful
18/08/2025,Happy,Felt peaceful after meditation
19/08/2025,Sad,Felt worried about future plans
20/08/2025,Happy,Had a fulfilling day
21/08/2025,Happy,Read a nice story online
22/08/2025,Angry,Computer updates wasted my time
23/08/2025,Happy,Went on a short trip
24/08/2025,Sad,Felt emotional watching a movie
25/08/2025,Happy,Met cousins after a long time
26/08/2025,Happy,Learned something new in class
27/08/2025,Angry,Felt frustrated by power cuts
28/08/2025,Happy,Had ice cream with friends
29/08/2025,Happy,Felt good after organizing desk
30/08/2025,Sad,Felt drained from overthinking
31/08/2025,Happy,Month ended on a peaceful note